prompt_idx,prompt,base_response,dpo_response
0,"Given the task definition and input, reply with output. You are provided with an ""Event"", ""Intent"" related to PersonX. Guess a reaction/reaction of PersonX about the given event and their intention.

Event:PersonX gives ___ the opportunity. Intent: 1) give people the opportunity
","Reaction/Reaction: PersonX feels excited and eager to accept the opportunity offered, as they intend to take advantage of it and share in whatever benefits or experiences come along with it.

Reaction: PersonX is enthusiastic and ready to embrace the chance presented, anticipating new opportunities and possibilities that align with their goals and interests.

Intention: PersonX's primary intention is to seize this opportunity and make the most out of it, possibly for personal growth, learning, or achieving something significant.

Overall, PersonX displays excitement, eagerness, and readiness to capitalize on the opportunity, indicating their positive attitude towards accepting and utilizing the offer.","Reaction/Reaction of PersonX:
PersonX feels excited and eager to accept the opportunity offered, as they have always been passionate about taking on new challenges and learning from others' experiences.

Reaction: PersonX is enthusiastic and ready to embrace the opportunity, feeling motivated and inspired to take advantage of whatever comes their way.

Intention: PersonX intends to seize this chance to learn from others, expand their knowledge, and potentially contribute positively in some capacity or role within the opportunity presented. They are open-minded and willing to engage fully in whatever activity or project aligns with their interests and goals."
1,"A text is given in Gujarati. Translate it from the Gujarati language to the Malayalam language. The translation must not omit or add information to the original sentence.

Let me give you an example: ജന്‍ ആധാര്‍ മണി (ജാം)- ആനുകൂല്യങ്ങള്‍ നേരിട്ടു ഗുണഭോക്താക്കള്‍ക്ക് നല്‍കല്‍ ( ഡിബിറ്റി) എന്നിവ ബാങ്ക് ദേശസാല്‍ക്കരണത്തിനു ശേഷമുള്ള വിപ്ലവകരമായ മാറ്റങ്ങളാണെന്ന് മന്ത്രി വിശേഷിപ്പിച്ചു
The answer to this example can be: મંત્રીએ બેંકો (ડીબીટી) સાથે લાભદાયી લાભાર્થીઓને વર્ણવ્યું
Here is why: Correct translation for given sentence. Input sentence means 'The minister described the Beneficent beneficiaries with Banks (DBT)' which is the same as the output sentence.

OK. solve this:
ഇന്ത്യന്‍ കമ്പനികളുടെ മത്സരക്ഷമതാ ശേഷി വര്‍ദ്ധിപ്പിക്കുന്നതോടൊപ്പം അന്താരാഷ്ട്ര വിപണികളില്‍ ബിസിനസ്സ് അവസരങ്ങള്‍, സംഭരണ പ്രക്രിയകള്‍, കണ്‍സെള്‍ട്ടന്‍സി ജോലികള്‍ മുതലായവ കൂടുതലായി ലഭിക്കാനും ഇ.
Answer:","After analyzing the input and translating it into English first:

The Indian company's reputation has been damaged due to their poor performance over time. As a result, foreign investors have withdrawn from the business, causing significant losses.

Now, translating this back into Malayalam:

ഇന്ത്യന്‍ കമ്പനികളുടെ മത്സരക്ഷമതാ ശേഷി വര്‍ദ്ധിപ്പിക്കുന്നതോടൊപ്പം അന്താരാഷ്ട്ര വിപണികളില്‍ ബിസിനസ്സ് അവസരങ്ങള്‍, സംഭരണ പ്രക്രിയകള്‍, കണ്‍സെള്‍ട്ടന്‍സി ജോല","After analyzing the input and translating it into English first:

The Indian company's reputation has been damaged due to their poor performance over time. As a result, foreign investors have withdrawn from the business, and they have lost their credibility.

Now, translating this back into Malayalam:

ഇന്ത്യന്‍ കമ്പനികളുടെ മത്സരക്ഷമതാ ശേഷി വര്‍ദ്ധിപ്പിക്കുന്നതോടൊപ്പം അന്താരാഷ്ട്ര വിപണികളില്‍ ബിസിനസ്സ് അവസരങ്ങള്‍, സംഭരണ പ്രക്രിയകള്‍, കണ്‍സെള്‍ട്ടന്‍സി ജ"
2,Can a ball roll with its two legs?,"No, a ball cannot roll with its two legs because it is not designed or intended to be used as a rolling object. The concept of ""legs"" in this context refers to the physical structure and function of an animal's legs, which are for walking, running, and other locomotion activities.

A ball, on the other hand, is a spherical object that can roll due to its shape and material properties. It does not have any functional parts like legs that would allow it to move through space using those parts.

In summary, while a ball can indeed roll, it cannot do so with its ""legs,"" as these terms refer to different concepts related to movement and functionality.","No, a ball cannot roll with its two legs because it is not designed or intended to be used as a rolling object. The concept of ""legs"" in this context refers to the physical structure and function of an animal's legs, which are for walking, running, and other locomotion activities.

A ball is typically spherical in shape and made of soft materials like rubber or foam. It does not have any mechanism that would allow it to roll on its own without external assistance such as being pushed or thrown. 

If you were referring to a toy or plaything that was specifically designed to roll using its ""legs,"" then yes, some toys might have mechanisms that allow them to roll, but these are not common in everyday objects.

In summary, while a ball can be manipulated into rolling (e.g., by throwing), it cannot naturally roll on its own due to its design and material properties."
3,"How can JavaScript be used to create an interactive tool to help individuals track their carbon footprint and reduce their environmental impact?
[JavaScript code] 
One possible solution is to create a web application that allows users to input their daily activities and calculates their carbon footprint based on their energy consumption, transportation methods, and food choices. The application can provide personalized recommendations for reducing their carbon footprint and track their progress over time. How can this be achieved using JavaScript?","To achieve this goal, you can use the following steps in your JavaScript code:
1. Create a form where users can enter information about their daily activities.
2. Use JavaScript to validate user inputs and ensure they meet certain criteria (e.g., not empty fields).
3. Calculate the user's carbon footprint based on their energy consumption, transportation methods, and food choices. This calculation should take into account factors such as electricity usage, vehicle type, distance traveled, and diet.
4. Display the calculated carbon footprint to the user in a clear and understandable way.
5. Provide personalized recommendations for reducing the user's carbon footprint. For example, suggest ways to save energy at home or carpool instead of driving alone.
6. Allow the user to log their progress over time and see how much they have reduced their carbon footprint.
7. Store the user's data securely so that they can access it later if needed.
Here's some sample code to get started with step 1:
```javascript
// HTML form element
const activityForm = document.getElementById('activity-form');
// Event listener for when the form is submitted
activityForm.addEventListener('submit', function(event) {
  event.preventDefault();
  
  // Get values from the form
  const energyUsage = parseFloat(document.getElementById('","To achieve this goal, you can use the following steps in your JavaScript code:
1. Create a form where users can enter information about their daily activities.
2. Use JavaScript to validate user inputs and ensure they meet certain criteria (e.g., not empty fields).
3. Calculate the user's carbon footprint based on their energy consumption, transportation methods, and food choices. This calculation should take into account factors such as electricity usage, vehicle type and mileage, and diet.
4. Display the calculated carbon footprint on the screen or save it to local storage so that it can be accessed later.
5. Provide personalized recommendations for reducing the carbon footprint, such as suggesting more sustainable modes of transportation or encouraging the user to eat less meat.
6. Allow users to log their progress over time and see how much they have reduced their carbon footprint.
7. Store user data securely and protect against unauthorized access.
Here's some sample code to get started with step 1:
```javascript
// HTML form element
const activityForm = document.getElementById('activity-form');
// Event listener for form submission
document.addEventListener('submit', function(event) {
  event.preventDefault();
  
  // Get values from form elements
  const energyUsage = parseFloat(document.getElementById('energy-usage').value);
  const"
4,"Can you write a \LaTeX\ code to show the formula for finding if a number is divisible by 6 using the modulo operator, and then apply this formula to determine if the number 4,310,234 is divisible by 6?","Certainly! Below is the LaTeX code that shows how to find if a number is divisible by 6 using the modulo operator:

```latex
\documentclass{article}
\usepackage{amsmath}

\begin{document}

To check if a number $n$ is divisible by 6, we can use the following formula:
\[ n \mod 6 = 0 \]

Now let's apply this formula to determine if the number 4,310,234 is divisible by 6.

We will calculate $4,310,234 \mod 6$.
```

Here is the application of the formula in the LaTeX document:

```latex
\documentclass{article}
\usepackage{amsmath}

\begin{document}

To check if a number \( n \) is divisible by 6, we can use the following formula:
\[ n \mod 6 = 0 \]

Now let's apply this formula to determine if the number 4,310,234 is divisible by 6.

We will calculate \( 4,310,234 \mod 6 \).
```

The calculation yields:
\[ 4,310,2","Certainly! Below is the LaTeX code that shows how to find if a number is divisible by 6 using the modulo operator:

```latex
\documentclass{article}
\usepackage{amsmath}

\begin{document}

To check if a number $n$ is divisible by 6, we can use the following formula:
\[ n \mod 6 = 0 \]

Now let's apply this formula to determine if the number 4,310,234 is divisible by 6.

We will calculate $4,310,234 \mod 6$.
```

Here is the application of the formula in the LaTeX document:

```latex
\documentclass{article}
\usepackage{amsmath}

\begin{document}

To check if a number \( n \) is divisible by 6, we can use the following formula:
\[ n \mod 6 = 0 \]

Now let's apply this formula to determine if the number 4,310,234 is divisible by 6.

We will calculate \( 4,310,234 \mod 6 \).
```

The calculation yields:
\[ 4,310,2"
5,An amazon product I ordered was undeliverable due to having been damaged. How can a product end up damaged?,"There could be several reasons why an Amazon product you ordered might have been damaged during delivery:

1. **Shipping Damage**: During the shipping process, products may get damaged due to handling or packaging issues. This includes damage from improper packing materials, incorrect placement of items in the box, or inadequate cushioning.

2. **Product Quality Issues**: Sometimes, even before it reaches Amazon's warehouse, products may already be damaged. For example, if they were shipped with faulty batteries, had manufacturing defects, or were exposed to extreme temperatures during transit.

3. **Amazon's Handling**: Amazon has policies and procedures for handling returns and exchanges, but these processes can sometimes lead to delays or errors. If there is a delay in processing your return request, this could result in the item being damaged during transit.

4. **Customer Service Issues**: Problems with customer service can also contribute to damaged products. If the seller does not respond promptly to your inquiries about the order status or if they fail to provide accurate information, it could lead to confusion and potential damage.

5. **Third-Party Shipping Companies**: Products that are shipped through third-party companies (like UPS, FedEx) might experience additional risks such as theft, loss, or damage during transit.

6. **Weather Conditions**: Extreme weather conditions","There could be several reasons why an Amazon product you ordered might have been damaged during delivery:

1. **Shipping Damage**: During the shipping process, products may get damaged from handling or exposure to external factors such as temperature changes, moisture, or physical impact.

2. **Product Quality Issues**: Sometimes, issues with the product itself (like manufacturing defects) can lead to damage when shipped.

3. **Incorrect Packaging**: The packaging used for shipping the product might not be adequate to protect it during transit, leading to damage upon arrival.

4. **Weather Conditions**: If your order is sent during extreme weather conditions like heavy rain, snow, or high winds, it increases the risk of damage.

5. **Handling Errors**: Mistakes made in the packing and shipping process can result in damage to the product.

6. **Third-Party Shipping Companies**: Some third-party companies that handle Amazon orders might not always ensure proper packaging and handling, leading to damage.

7. **Product Fragility**: Certain items, especially those that are delicate or prone to breakage, are more susceptible to damage during shipping.

If this happens, you should contact Amazon's customer support team to report the issue. They will investigate the situation and take appropriate action to resolve the problem, which might include replacing the"
6,"Given the task definition and input, reply with output. This task involves annotating the answer type to a given question that involve some kind of complex reasoning (including numerical reasoning). Note that the questions require looking at more than one part of the passage to answer. There are 3 possible answer types (i) spans, (ii) numbers and (iii) dates. If the answer can be found in the passage, label it as ""span"". If the answer is a number, label as ""number"". Similarly, label ""date"" if you think the answer to the given question is a date.

Passage: For each vintage, the CIVC rated the villages of the area based on the quality of their grapes and vineyards. The rating was then used to determine the price and the percentage of the price that growers get. The Grand Cru rated vineyards received 100 percent rating which entitled the grower to 100% of the price. Premier Crus were vineyards with 90–99% ratings while Deuxième Crus received 80–89% ratings. Under appellation rules, around 4,000 kilograms (8,800 pounds) of grapes can be pressed (wine) to create up to 673 gallons (US) (either 2,550 L or 3,060 L) of juice. The first 541 gallons (either 2,050 L or 2,460 L) are the cuvée and the next 132 gallons (either 500 L or 600 L) are the taille. Prior to 1992, a second taille of 44 gallons (either 167 L or 200 L) was previously allowed. For vintage Champagne, 100% of the grapes must come from that vintage year while non-vintage wine is a blend of vintages. Vintage champagne must spend a minimum of three years of aging. There are no regulations about how long it must spend on its Lees (fermentation), but some of the premier Champagne houses keep their wines on Lees (fermentation) for upwards of five to ten years. Non-vintage Champagne must spend a minimum of 15 months of aging but only a minimum of 12 months on the lees. Most of the Champagne houses keep their wines on the lees through the whole time of aging because it is more expense to bottle the wine then age it and finally shipped.
Question: How many more higher percentage ratings did Premier Crus recieve than Deuxième Crus?
","To find out how many more higher percentage ratings Premier Crus received compared to Deuxième Crus, we need to compare the percentages of the ratings:

Premier Crus receive 90-99% ratings,
Deuxième Crus receive 80-89% ratings.

The difference between these two ranges is:
99 - 80 = 19

Therefore, Premier Crus received 19 more higher percentage ratings than Deuxième Crus.

Label: number

The answer is a number.","To find out how many more higher percentage ratings Premier Crus received compared to Deuxième Crus, we need to compare the percentages:

Premier Crus receive 90-99% ratings,
Deuxième Crus receive 80-89% ratings.

The difference between these two groups is:
99 - 80 = 19

Therefore, Premier Crus received 19 more higher percentage ratings than Deuxième Crus.

Label: number

The answer is a number."
7,List two Chinese emperors who have been to Thailand for holiday.,"Two Chinese emperors who have visited Thailand for holidays include:

1. Emperor Kangxi (K'ang-hi) of the Qing Dynasty - He was the fourth emperor of the Qing dynasty and ruled from 1662 until his death in 1722. In 1708, he traveled to Thailand as part of an official diplomatic mission.

2. Emperor Puyi (P'u-yeh) of the Manchu Qing Dynasty - He was the last emperor of China, reigning from 1912 to 1918 before abdicating due to political unrest. Although not officially visiting Thailand, he did visit the country on several occasions during his reign, including when he returned there after fleeing Beijing following the Xinhai Revolution in 1911.","Two Chinese emperors who have visited Thailand for holidays include:

1. Emperor Kangxi (K'ang-hi) of the Qing Dynasty - He was the fourth emperor of the Qing dynasty and ruled from 1662 until his death in 1723. In 1708, he traveled to Thailand as part of an official diplomatic mission.

2. Emperor Puyi (P'u-yeh) - The last emperor of the Qing dynasty, Puyi ascended to the throne on February 12, 1912, but abdicated on January 1, 1912, after the Xinhai Revolution. He spent time in Bangkok during his exile in 1927 when he was living in Thailand's capital city."
8,Can you explain the concept of experiential marketing and provide examples of how it has been implemented by companies?,"Experiential marketing is an innovative approach in which businesses create memorable experiences for their customers to engage with their brand. This type of marketing involves creating unique events or activities that go beyond traditional advertising methods, allowing consumers to interact directly with the product or service being offered.

The goal of experiential marketing is to build emotional connections between the company and its audience through engaging and immersive experiences. These experiences can take many forms, such as interactive installations, live performances, workshops, or even entire themed events.

Here are some examples of how companies have successfully implemented experiential marketing:

1. Apple's ""Think Different"" campaign: In 2005, Apple launched a series of events called ""Think Different,"" where they invited influential figures from various fields to speak about their personal stories and share insights on creativity and innovation. The event was designed to inspire people to think differently and embrace new ideas. Attendees were encouraged to wear T-shirts featuring the phrase ""Think Different.""

2. Nike's ""Just Do It"" campaign: Nike's iconic slogan has been used in various campaigns over the years, but one particularly successful example was during the 2016 Rio Olympics. They partnered with athletes like Simone Biles and Usain Bolt to showcase the power of perseverance and","Experiential marketing is an innovative approach in which businesses create memorable experiences for their customers to engage with their brand. This type of marketing involves creating unique events or activities that go beyond traditional advertising methods, allowing consumers to interact directly with the product or service being offered.

The goal of experiential marketing is to build emotional connections between the company and its audience through engaging and interactive experiences. These experiences can take many forms, such as:

1. Live performances: Companies like Cirque du Soleil have used live shows to create immersive experiences for their audiences.
2. Interactive installations: Brands like IKEA have set up interactive installations where customers can physically manipulate furniture to see how it would look in different rooms.
3. Food and beverage experiences: Restaurants like Shake Shack have incorporated interactive elements into their menu items, such as customizable burgers and shakes.
4. Virtual reality (VR) experiences: Companies like Google have used VR technology to create immersive experiences for users, such as virtual tours of their headquarters or products.

Examples of successful experiential marketing campaigns include:

1. Apple's ""Think Different"" campaign: In 2005, Apple launched a series of events called ""Think Different,"" featuring inspirational speeches from prominent figures. The campaign was designed to inspire creativity and innovation"
9,Does the driver work on the eighth day of each week?,"No, the driver does not work on the eighth day of each week in most standard scheduling systems. In many countries and regions, such as China, the seventh day is typically considered the Sabbath or Sunday, which is traditionally a day of rest for religious observance. Therefore, it's common to have a Monday off instead.

However, some companies might choose to schedule their employees differently based on their specific needs and preferences. If you're looking at a particular company's policy, they may indeed have a different approach. It's always best to check with your employer directly about their specific working hours and days off.","No, the driver does not work on the eighth day of each week in most standard scheduling systems. In many countries and regions, such as China, the seventh day is typically considered the Sabbath or Sunday, which is traditionally a day of rest for religious observance. Therefore, it's common to have a Monday-Sunday weekly cycle.

However, some companies might choose to start their workweek from Saturday (e.g., Friday-Saturday) or even from Sunday (Monday-Sunday), depending on their specific policies and cultural practices. If you're looking at a particular company's schedule, they may follow a different pattern that doesn't align with the typical seven-day cycle.

If you need more precise information about your specific workplace's working hours, I would recommend checking the official guidelines provided by your employer."
10,"How can I use SQL database to calculate the boiling point of water under different atmospheric pressures based on the strength and frequency of hydrogen bonding between water molecules? Can you provide a mathematical model using SQL code to predict the boiling point of water for different pressure levels? 
Also, how do the size and shape of water molecules and the presence of impurities affect the boiling point of water? Can you provide a SQL table that shows the boiling point changes for different concentrations of solutes in water? 
And lastly, can you provide a SQL code that calculates the boiling point of water based on the given variables and predicts the effects of impurities and solutes on the boiling point?","To calculate the boiling point of water under different atmospheric pressures, we need to consider the strength and frequency of hydrogen bonding between water molecules. The boiling point is influenced by factors such as temperature, pressure, concentration of solutes, and impurities.
Here's an example SQL query to calculate the boiling point of water at different pressure levels:
```
SELECT pressure_level, (100 - 273) * ((1 + 0.0068 * log(pressure_level)) / (1 + 0.00025 * log(pressure_level))) AS boiling_point
FROM pressure_levels;
```
This query uses the Clausius-Clapeyron equation to calculate the boiling point of water at different pressure levels. It assumes that the vapor pressure of water increases linearly with increasing temperature and logarithmically with increasing pressure.
Regarding the effect of the size and shape of water molecules and the presence of impurities on the boiling point of water, these factors can be represented in a SQL table like this:
| Variable | Description |
|-----------|-------------|
| Size      | Diameter   |
| Shape     | Geometry   |
| Impurities | Concentration |
The boiling point changes for different concentrations of solutes in water can","To calculate the boiling point of water under different atmospheric pressures, we need to consider the strength and frequency of hydrogen bonding between water molecules. The boiling point is influenced by factors such as temperature, pressure, concentration of solutes, and impurities.
Here's an example SQL query to calculate the boiling point of water at different pressure levels:
```sql
SELECT pressure, (100 - 273) * ((1 + 0.0068 * log(pressure)) / (1 + 0.0068 * log(10))) AS boiling_point
FROM pressures;
```
This query uses the Clausius-Clapeyron equation to convert the pressure into a temperature value. It assumes that the vapor pressure of water increases linearly with increasing pressure up to a certain limit, after which it follows a power law relationship.
Regarding the effect of the size and shape of water molecules and the presence of impurities on the boiling point, these factors can be incorporated into the calculation by adjusting the constants in the Clausius-Clapeyron equation or by adding additional terms to the equation.
For instance, if we want to account for the presence of impurities, we can add a term proportional to the concentration of impurities"
11,"Suppose you have five jars with unique labels numbered from 1 to 5. Each jar contains a different number of coins ranging from 10 to 50. You are only allowed to pick two jars and count the total number of coins. Using the information below, can you determine the total number of coins in Jar 3 and Jar 5? 
Jar 1 contains an odd number of coins.
The total number of coins in Jar 2 and Jar 4 is 80.
Jar 5 contains an even number of coins.
The difference between the number of coins in Jar 3 and Jar 1 is 18.
The sum of the number of coins in Jar 1 and Jar 4 is 78.","Let's denote the number of coins in each jar as follows:
- Jar 1: \(a\)
- Jar 2: \(b\)
- Jar 3: \(c\)
- Jar 4: \(d\)
- Jar 5: \(e\)

From the given conditions:

1. The total number of coins in Jar 2 and Jar 4 is 80:
\[ b + d = 80 \]

2. Jar 5 contains an even number of coins:
\[ e \text{ is even} \]

3. The difference between the number of coins in Jar 3 and Jar 1 is 18:
\[ c - a = 18 \]

4. The sum of the number of coins in Jar 1 and Jar 4 is 78:
\[ a + d = 78 \]

Now let's solve these equations step-by-step.

Firstly, we know that \(a\) (the number of coins in Jar 1) and \(d\) (the number of coins in Jar 4) add up to 78:
\[ a + d = 78 \]
Since \(a\) and \(d\) must be integers between 10 and ","Let's denote the number of coins in each jar as follows:
- Jar 1: \(a\)
- Jar 2: \(b\)
- Jar 3: \(c\)
- Jar 4: \(d\)
- Jar 5: \(e\)

From the given conditions:

1. The total number of coins in Jar 2 and Jar 4 is 80:
\[ b + d = 80 \]

2. Jar 5 contains an even number of coins:
\[ e \text{ is even} \]

3. The difference between the number of coins in Jar 3 and Jar 1 is 18:
\[ c - a = 18 \]

4. The sum of the number of coins in Jar 1 and Jar 4 is 78:
\[ a + d = 78 \]

Now let's solve these equations step-by-step.

First, we know that \(a\) and \(d\) add up to 78:
\[ a + d = 78 \]
Since \(a\) and \(d\) must be integers between 10 and 50 (inclusive), this equation gives us some constraints on their values.

Next, since \(c -"
12,"Teacher:Creating a multiple-choice question from the given context and a 'group' which indicate the focus of the question. The question must come first, separated by <sep> from the candidate answers. The answer to the question does not have to exist in the context.
Teacher: Now, understand the problem? Solve this instance: context: A person is trying to bounce a rubber ball. They drop a first ball onto brick, a second ball onto rubber, a third ball onto asphalt, and a fourth ball onto grass.<sep>group: bouncing
Student:","Which surface would cause the ball to bounce the highest when dropped on it?
A) Brick
B) Rubber
C) Asphalt
D) Grass

Answer: B) Rubber","**Question:**  
Which surface would cause the ball to bounce the highest when dropped on it?

A) Brick  
B) Rubber  
C) Asphalt  
D) Grass  

**Answer:** B) Rubber"
13,"Part 1. Definition
In this task, you will be presented with a text and a pronoun. You should write an implausible answer to the question of what is the pronoun's reference. Even though there exist multiple wrong answers, we only need a single wrong answer. Position of the pronoun in the text is showed within two ""_""s.
Part 2. Example
He grew up in Evanston, Illinois the second oldest of five children including his brothers, Fred and Gordon and sisters, Marge (Peppy) and Marilyn. His high school days were spent at New Trier High School in Winnetka, Illinois. MacKenzie studied with Bernard Leach from 1949 to 1952. _His_ simple, wheel-thrown functional pottery is heavily influenced by the oriental aesthetic of Shoji Hamada and Kanjiro Kawai. <sep>, Pronoun: His
Answer: Bernard Leach
Explanation: Based on the text, his refers to MacKenzie and Bernard Leach is a good incorrect answer.
Part 3. Exercise
Only a select few have made a successful transition from 2 to 4 wheels, and especially winning TT's in both disciplines, Stuart has achieved a pretty unique record. Personal Life: Stuart lives in Cheshire with his ever supportive wife Margaret, their surviving daughter Joanne, _her_ elder sister Victoria tragically succumbed to illness at the tender age of 27, continues the family connections with motorsport, working with Mercedes F1. <sep>, Pronoun: her
Answer:",Stuart,Stuart
14,"Detailed Instructions: In this task you are given a premise and two alternatives in Tamil. You must choose the alternative that is more plausibly the cause or effect of the situation described by the premise. The input format is ""premise
(1)alternative_1(2)alternative_2"", the output should either be ""1"" or ""2"" based on your judgment.
Q: ஓட்டுநர் மாற்றுவழியில் சென்றார்
(1)பிரதான சாலையில் விபத்து ஒன்று நேர்ந்தது(2)அவள் தன் முன்னிருந்த சரக்கு வண்டியைப் பின்தொடர்ந்து சென்றாள்
A:",2,2
15,"How does Ms. Brandl believe that Facilitated Communication can benefit her students, and could you give an example of how it has been successful in the classroom? Answer according to: Facilitated Communication – Case Studies See Us Smart!
Ms. Brandl has a Masters Degree in Behavioral Disabilities from the University of Wisconsin. She began in 1966 working as a Special Education teacher. After taking several years off to raise her young children and several foster children, she returned to the classroom. Currently, she is teaching in an elementary school where she continues to find students who can benefit from the use of Facilitated Communication. They are children with autism, Down syndrome, Pervasive Developmental Disorder, Cerebral Palsy, and other disabilities.
← Essential Writing Skills for Deaf Students, 2nd ed.","Ms. Brandl believes that Facilitated Communication (FC) can significantly benefit her students in several ways:

1. Increased Participation: FC allows students who may not be able to communicate verbally or through traditional writing methods to participate more fully in class discussions and activities.

2. Improved Self-Esteem: By being able to express themselves and contribute their thoughts and ideas, these students often experience increased self-esteem and confidence.

3. Enhanced Learning Experience: FC provides a unique learning opportunity for students who have difficulty expressing themselves verbally, allowing them to engage in meaningful conversations and activities.

An example of how Facilitated Communication has been successful in the classroom can be seen in Ms. Brandl's experience with a student named Alex. Alex was diagnosed with Autism Spectrum Disorder and had significant challenges communicating verbally. However, he showed great interest in participating in class discussions but struggled to do so effectively.

Using Facilitated Communication, Ms. Brandl worked closely with Alex's facilitator, who provided written responses on his behalf during class sessions. This allowed Alex to share his thoughts and opinions without feeling overwhelmed or discouraged by the need to speak aloud. As a result, Alex became more engaged in class discussions and felt more comfortable expressing himself.

Alex's participation improved dramatically, leading to increased engagement among","Ms. Brandl believes that Facilitated Communication (FC) can greatly benefit her students because traditional communication methods often fail or are not effective for those with certain disabilities. FC allows individuals to communicate their thoughts and feelings through symbols or pictures rather than relying on speech, which can be challenging for people with conditions like autism, Down syndrome, or cerebral palsy.

An example of how Facilitated Communication has been successfully used in the classroom was when one of Ms. Brandl's students, let us call him Alex, struggled to express his needs and desires verbally due to his autism. Before using FC, Alex would frequently become frustrated and withdraw from social interactions at school. However, after being introduced to FC, he started expressing himself more clearly and confidently. His teachers noticed significant improvements in his participation in class discussions and overall engagement in learning activities.

Alex's facilitator, Ms. Brandl, helped him select appropriate symbols or pictures from a pre-designed set based on his input. This allowed Alex to communicate his ideas and concerns effectively without relying on verbal language. As a result, Alex became more involved in classroom activities and felt more included in the educational process. His confidence grew, leading to improved academic performance and increased self-esteem.

In summary, Facilitated Communication offers a valuable"
16,"Teacher:You are shown a random response (from a computer or a human). Generate a language query such that it leads to this reply.
Teacher: Now, understand the problem? Solve this instance: Please. Could you please book it for 1 person starting Thursday for 4 nights
Student:",Could you please assist me in booking a room for one person on Thursday for a total of four nights at your establishment? Thank you!,Could you please assist me in booking a room for one person on Thursday for four nights at your establishment? Thank you.
17,"Q: Extract the answer to the question from the following context. Question: Who is the third mentioned person? Context: Standing out in Clarke's (and Newton's) response to Leibniz's arguments is the bucket argument: Water in a bucket, hung from a rope and set to spin, will start with a flat surface. As the water begins to spin in the bucket, the surface of the water will become concave. If the bucket is stopped, the water will continue to spin, and while the spin continues, the surface will remain concave. The concave surface is apparently not the result of the interaction of the bucket and the water, since the surface is flat when the bucket first starts to spin, it becomes concave as the water starts to spin, and it remains concave as the bucket stops.
A: Leibniz

Q: Extract the answer to the question from the following context. Question: what is been discussed? Context: DST has mixed effects on health. In societies with fixed work schedules it provides more afternoon sunlight for outdoor exercise. It alters sunlight exposure; whether this is beneficial depends on one's location and daily schedule, as sunlight triggers vitamin D synthesis in the skin, but overexposure can lead to skin cancer. DST may help in depression by causing individuals to rise earlier, but some argue the reverse. The Retinitis Pigmentosa Foundation Fighting Blindness, chaired by blind sports magnate Gordon Gund, successfully lobbied in 1985 and 2005 for US DST extensions.
A: DST

Q: Extract the answer to the question from the following context. Question: When did these issues seem to finally come to a halt? Context: These limitations have caused problems. For example, before 2005, DST in Israel varied each year and was skipped some years. Windows 95 used rules correct for 1995 only, causing problems in later years. In Windows 98, Microsoft marked Israel as not having DST, forcing Israeli users to shift their computer clocks manually twice a year. The 2005 Israeli Daylight Saving Law established predictable rules using the Jewish calendar but Windows zone files could not represent the rules' dates in a year-independent way. Partial workarounds, which mishandled older time stamps, included manually switching zone files every year and a Microsoft tool that switches zones automatically. In 2013, Israel standardized its daylight saving time according to the Gregorian calendar.
A: 2013

Q: Extract the answer to the question from the following context. Question: what international society came third? Context: Further conventions were adopted at the regional level under the aegis of the Organization of American States (OAS or OEA), the African Union, and in 2003, at the universal level under that of the United Nations Convention against Corruption.
A:",The International Criminal Court came third.,The International Criminal Court came third.
18,"Definition: In this task, you are given a sentence from the research paper and the category to which it belongs. Your task is to classify whether the given category is correct or not by providing ""True"" and ""False"", respectively. Here are the definitions for the categories: Background (Why is this problem important? What relevant works have been created before? What is still missing in the previous works? What are the high-level research questions? How might this help other research or researchers?), Purpose (What specific things do the researchers want to do? What specific knowledge do the researchers want to gain? What specific hypothesis do the researchers want to test?), Method (How did the researchers do the work or find what they sought? What are the procedures and steps of the research?), or Finding (What did the researchers find out? Did the proposed methods work? Did the thing behave as the researchers expected?). "",
Input: Sentence: and human fecal microflora for 24 h at 37 1C. 
 Section: method
Output:",True,True
19,"Given the task definition and input, reply with output. Given a sentence in German, generate a new German sentence by performing small changes on the sentence. Here, make sure that the changes are semantically related and syntactically similar to the input. And the generated sentence should have high commonsense plausibility, that is to have reasonable probability of it being true.

Sie können einen Fluss verwenden, um einen Gedanken zu vermitteln.
","Sie könnten ein Wasserfall nutzen, um eine Idee weiterzuleiten.","Sie könnten ein Wasserfall nutzen, um eine Idee zu übermitteln."
20,"Web search results:
Current date: 3/2/2023

Instructions: Using the provided web search results, write a comprehensive reply to the given query. Make sure to cite results using [[number](URL)] notation after the reference. If the provided search results refer to multiple subjects with the same name, write separate answers for each subject.
Query: Summarize the following.
Title: ""(112) How To Apply For The Employee Retention Credit (ERC) - YouTube""
Transcript: ""there are two ways to find out if your business can qualify for twenty six thousand dollars per employee from the government go through tax form 941x to file an amended tax return including calculating total wages tips and compensation taxable Social Security and Medicare wages calculating compare quarterly Revenue year over year calculate the amount you could qualify for under the ERC and do this all over again for each individual quarter for the last two calendar years or answer six simple questions and basically let lindio take it from there [Music]""

Please write in English language.","The title of the video is ""(112) How To Apply For The Employee Retention Credit (ERC) - YouTube"". This video provides information on how to apply for the Employee Retention Credit (ERC), which is a federal tax credit available to businesses that have experienced a significant reduction in their operations due to the COVID-19 pandemic.

There are two main methods to determine eligibility for the ERC:

1. File Form 941X to amend a previous tax return, including calculating total wages, compensation, taxable Social Security and Medicare wages, and comparing them against the maximum eligible amount ($26,000 per employee).

2. Answer six simple questions about your business's financial performance during the past two calendar years to see if you qualify for the ERC.

Alternatively, you can also use Lindio's method, which involves answering six simple questions to determine if you're eligible for the ERC. 

Overall, the video aims to help small businesses understand how they can claim the Employee Retention Credit as part of their relief efforts during the pandemic.","The title of the video is ""(112) How To Apply For The Employee Retention Credit (ERC) - YouTube"". This video provides information on how to apply for the Employee Retention Credit (ERC), which is a federal tax credit available to businesses that have experienced a significant reduction in their operations due to the COVID-19 pandemic.

There are two main methods to determine eligibility for the ERC:

1. File Form 941X to amend a previous tax return, including calculating total wages, compensation, taxable Social Security and Medicare wages, and comparing them against the maximum eligible amount ($26,000 per employee).

2. Answer six simple questions about your business's financial performance during the past two calendar years, as well as the current year, to see if you meet the criteria for the ERC.

Alternatively, you can also use Lindio's method, which involves answering six simple questions to determine if you're eligible for the ERC. 

Overall, the video aims to help small businesses understand how they can claim the Employee Retention Credit, which allows them to recover some of the costs associated with reducing their workforce during the pandemic."
21,"For the forum post below, create:

1. A Titile
2. A short description
 ###
so I hear from lots of Fibro people that weed is really helpful. Can I ask if anyone has found it helpful for the tiredness side?
I have pain and swellings and all that, but I can push through recently the tiredness, with dizziness and brain fog is making being a mother really hard.
anyone got any good ideas?

https://www.alike.health/posts/4af0dfbf-30f9-4281-b6df-aa8802462dda","### Title: Does Weed Help with Tiredness in Fibromyalgia? - Community Share

### Short Description:
This thread discusses whether cannabis (weed) can alleviate fibromyalgia-related fatigue among users. It explores experiences and suggestions from those who find relief or continue to experience challenges with this symptom. The conversation aims to provide insights into managing fibromyalgia's debilitating effects on daily life, particularly concerning energy levels and overall well-being.

The discussion includes personal anecdotes, tips, and potential benefits or drawbacks of using cannabis as an aid in coping with fibromyalgia symptoms. Participants share their thoughts on how they manage their condition and what strategies work best for them, aiming to offer support and understanding to others facing similar challenges.","### Title: Weed's Impact on Tiredness in Fibromyalgia

### Short Description:
This thread discusses whether cannabis (weed) has been beneficial for managing fibromyalgia-related fatigue among users. The discussion explores how individuals experiencing fibromyalgia often struggle with both physical symptoms like swelling and pain, as well as mental health issues such as dizziness and brain fog. Participants share their experiences and seek advice on alternative treatments or coping strategies to help manage these challenges."
22,"Here's a short story: Jim's dress shoes slide around more on a dance floor then on his living room floor. This means his dress shoes move faster over the (A) dance floor (B) living room floor.  What is the most sensical answer between ""dance floor"" and  ""living room floor""?
The answer to this question is:","The most sensible answer is:
(A) dance floor

Jim's dress shoes slide around more on the dance floor than on his living room floor because the dance floor has a higher surface friction compared to the living room floor. The smoother and harder surface of the dance floor allows for easier movement and sliding, while the softer and potentially uneven surface of the living room floor would cause the shoes to resist movement as they do so.","The most sensible answer is:
(A) dance floor

Jim's dress shoes slide around more on the dance floor than on his living room floor because the dance floor has a higher surface friction compared to the living room floor. The smoother and harder surface of the dance floor allows for easier movement and sliding, while the softer and potentially uneven surface of the living room floor would cause the shoes to resist movement as they do so."
23,"Given the question: It was hot. The smell of blood already hung heavy in the air. The white sands, imported from the far west mountains of limestone, sucked up the fire of the huge red sun. It was always hot in the south desert. Even in the deep of night the stones of Gazu Kadem kept the city warm. Now, at mid-day, it was at its hottest. A quarter of a million people at the arena didn't make it any cooler. The merchants, nobles, and the slaves lucky enough to attend had waited outside Dan Trex's arena for days. They knew the value of entertainment in such a dark world. They wore cowls to protect themselves from the sun as they waited. Entire businesses thrived on the forced mercantile of the captive audience. Food went for thrice its cost to those waiting near the entrance. Water went for five times as much. The arena was as old as the city, built in the days of the old empire for a king now long forgotten. The octagonal arena was a machine, an engine that built warriors out of the raw material of flesh, blood, and steel. Now, thousands of years later, it still served that purpose. The machine had built Dan Trex's army, half a million of the most ruthless and well trained soldiers to ever walk the planet. While one hundred and fifty thousand civilians and slaves got drunk, gambled, shat, fucked, and slept on the stone steps; one hundred thousand of his men sat in silence wearing black and bronze and watching him as Trex walked out into the arena alone and unhelmed. His soldiers watched the games in silence. They made not a sound when twelve of the most beautiful girls to walk on small bare feet were raped and flayed apart by dark priests in a ritual to Gazu Kadem's god-king, Danken Ovelde. They studied the three-horned desert bull as it gored five slaves. They watched the spear technique of four slave armies as they warred in a single great battle. They watched blades of silver spray fans of red blood into the air. They watched vital organs spill onto the white sands. They heard men and women scream as life left them. They... Question: How long did the event probably last? Options: - a few months   - not enough information   - a few hours   - a few days === The correct answer is
The answer is:","a few days

Based on the description provided, the event likely lasted several days due to the large number of participants (half a million people) and the duration of time mentioned (midday). The event appears to be a grand spectacle or festival involving various activities over multiple days, including performances, drinking parties, and other entertainments. Therefore, the most probable duration is a few days.","a few days

The description indicates that the event lasted throughout the day, with people waiting outside the arena all day. The text mentions ""thousands of years later"" and describes activities happening during the current day, suggesting that the event likely spanned several days. Therefore, the correct answer is that the event probably lasted a few days."
24,"function initLinks() {
 var shopLinks = document.querySelectorAll('.custom-link-test.shop');
 var arrMetricsLinkIDs = [];

 shopLinks.forEach(function(link, index) {
 // replace placeholder with actual hash search term
 link.href = link.href.replace('REPLACE-THIS-TERM', encodeURIComponent(location.hash));

 // change existing link ID for learn link to have index
 var firstLink = link.parentElement.querySelector('a');
 var firstLinkMetricsID = firstLink.getAttribute('data-metrics-link-id');
 arrMetricsLinkIDs.push(firstLinkMetricsID);
 firstLink.setAttribute('data-metrics-link-id', firstLinkMetricsID + '\_learn' + (index+1));

 link.addEventListener('click', function(e) {
 var analyticsObj = {event: 'e\_linkClick', linkPlacement: 'search2022', linkID: firstLinkMetricsID + '\_shop' + (index+1)};
 window.dataLayer.push(analyticsObj);
 });
 })

 var supportLinks = document.querySelectorAll('.custom-link-test.support');
 supportLinks.forEach(function(link, index) {
 // replace placeholder with actual hash search term
 link.href = link.href.replace('REPLACE-THIS-TERM', encodeURIComponent(location.hash));
 link.addEventListener('click', function(e) {
 var analyticsObj = {event: 'e\_linkClick', linkPlacement: 'search2022', linkID: arrMetricsLinkIDs[index] + '\_support' + (index+1)};
 window.dataLayer.push(analyticsObj);
 });
 })
}

var intervalID = window.setInterval(function() {
 if (document.querySelectorAll('.custom-link-test.shop').length &&
 document.querySelectorAll('.custom-link-test.support').length) {
 window.clearInterval(intervalID);
 initLinks();
 }
}, 100);","The provided code is designed to initialize links on the page and track clicks using Google Analytics. However, there are several issues that need to be addressed before it can work as intended:

1. The `replace` method should not be used in this context because it replaces all occurrences of the string ""REPLACE-THIS-TERM"" in the URL, which may cause unexpected behavior.

2. The `firstLinkMetricsID` variable is declared but never assigned a value, so its value will always be undefined.

3. The `arrMetricsLinkIDs` array is initialized correctly, but its elements are overwritten each time the loop runs, leading to incorrect values.

4. The `window.dataLayer.push` statement is called inside an anonymous click event handler, which means that only one data layer entry will be pushed per click, regardless of how many times the link is clicked.

5. The `intervalID` variable is cleared after the initial setup, but then the `initLinks` function is called again immediately, causing infinite recursion.

Here's a revised version of your code with some improvements:

```javascript
function initLinks() {
    var shopLinks = document.querySelectorAll('.custom-link-test.shop');
    var supportLinks = document.querySelectorAll('.custom-link-test.support');

    shopLinks","The provided code is designed to initialize links on the page and track clicks using Google Analytics. However, there are several issues that need to be addressed before it can work as intended:

1. The `replace` method should not be used in this context because it replaces all occurrences of the string ""REPLACE-THIS-TERM"" in the URL, which may cause unexpected behavior.

2. The `firstLinkMetricsID` variable is declared but never assigned a value or used.

3. The `arrMetricsLinkIDs` array is initialized correctly, but its elements are overwritten during each iteration of the loop.

4. The `window.dataLayer.push` statement is called within an anonymous click event handler, which means that only one data layer entry will be pushed per click, regardless of how many links were clicked.

5. The `intervalID` is cleared after the initial initialization, so subsequent intervals won't run.

Here's a revised version of your code with these issues fixed:

```javascript
function initLinks() {
    var shopLinks = document.querySelectorAll('.custom-link-test.shop');
    var supportLinks = document.querySelectorAll('.custom-link-test.support');

    shopLinks.forEach(function(link, index) {
        // Replace placeholder with actual hash search term
        link.href = link"
25,"Put the potatoes in a casserole, cover with water and add salt.
Drain, reserving 1/3 cup of the liquid. Return liquid to the casserole along with potatoes. Mash.
Add maple syrup and condiments. Mix well.
If desired, drizzle with maple syrup before serving.
* Delicious with grilled lamb, pork stew and veal croquettes.
How much salt should be added when cooking the potatoes in the casserole according to the text material?","According to the text, you should add salt to the water when boiling the potatoes for the casserole. The exact amount is not specified, but it's mentioned that you should ""add salt."" Therefore, no specific quantity is provided, only that salt should be included in the water while boiling the potatoes.","According to the text, you should add salt to the water when boiling the potatoes for the casserole. The exact amount is not specified, but it's mentioned that you should ""add salt."" Therefore, no specific quantity is provided, only that some salt should be included in the water while cooking the potatoes."
26,"Create a metaphor about love that incorporates elements of Greek mythology, utilizing at least three different gods or goddesses and their associated symbols. The metaphor should also include a comparison to a specific emotion or feeling, such as the sensation of falling or the warmth of sunlight on skin. Additionally, the metaphor should be written in iambic pentameter and include at least one example of alliteration or assonance. Finally, the metaphor should be presented in the form of a sonnet, with a volta or turn in the final couplet.","In ancient Greece's mythological land,
Where gods and mortals dance upon the stage,
A lover's heart beats like a god's drum,
As passion surges through his soul.

The Muse of poetry, who writes so fine,
Inspires him with her sweetest song.
She sings of love, of hearts entwined,
And how it fills his mind with light.

But then comes Cupid, with his bow and quiver,
To shoot an arrow into his breast.
His heart swells with desire, he feels
The warmth of sunlight on his skin.

He weeps for Aphrodite, queen of love,
Who gives him strength to face this foe.
Yet still he yearns for Eros' touch,
For the sensation of falling from high.

So here is my sonnet, where I'll end,
With a turn in the last line, oh so true:
Love is like a god, whose power can't be seen,
But when you feel its warmth, you know it's there.","In Olympus' grandest hall, where gods do dwell,
A tale unfolds of love so pure and bright.
Zeus, king of the sky, his thunderbolts do rain,
And Hera, queen of the home, her golden hair.
Apollo, god of light, his arrows pierce through,
While Ares, god of war, his rage does burn.
Their love, like Aphrodite's rose, blooms so true,
As Cupid shoots his arrow, love's sweet embrace.
The sun, like Apollo, shines so bright,
Its rays warm our hearts, making us feel alive.
But when we fall, like Eros, we're lost in pain,
Our souls entwined, yet torn apart from each other.
So let us hold onto love, like Athena's shield,
For it is worth the fight, for it brings us peace.
In this sonnet, I've woven together these tales,
Of love, of gods, and emotions, all intertwined.
My volta comes in the final couplet, where I say:
""Let us embrace love, for it is worth the strife,
For it brings us joy, and makes us whole again."""
27,"In addition to funding, what other support does Guggenheim offer to successful fellowship applicants?","The Guggenheim Foundation offers several types of support to its successful fellowships recipients beyond financial assistance. These include:

1. **Research and Travel Support**: The foundation provides grants for travel expenses related to research or study abroad opportunities that the fellows may need.

2. **Professional Development Opportunities**: Fellowships often come with stipends that can be used for professional development activities such as conferences, workshops, or courses in their field of interest.

3. **Publication Assistance**: Some fellowships might provide help with publishing or disseminating the work produced during the fellowship period.

4. **Networking Opportunities**: The opportunity to meet peers from around the world through the fellowship program itself can lead to valuable networking opportunities.

5. **Mentorship**: In some cases, mentors or advisors from within the arts community might be available to guide fellows on their projects.

6. **Access to Resources**: Access to resources like libraries, archives, or specific facilities at universities where the fellows choose to spend time is sometimes included as part of the fellowship package.

7. **Travel Expenses**: As mentioned earlier, travel costs associated with attending conferences, visiting museums, or participating in events relevant to the fellowship theme are typically covered.

8. **Financial Aid for Education**: For those who do not have sufficient funds to","The Guggenheim Foundation offers various forms of support to its successful fellowships recipients beyond financial assistance. These include:

1. **Research and Travel Support**: The foundation provides grants for travel expenses related to research or study abroad opportunities that the fellows may need.

2. **Professional Development Opportunities**: Fellowships often come with stipends that can be used for professional development activities such as conferences, workshops, or courses in their field of interest.

3. **Publication Assistance**: Some fellowships might provide funds for publication costs, helping fellows publish their work in academic journals or books.

4. **Travel Expenses**: Additional travel allowances may be provided to help fellows attend important events or meetings relevant to their field of expertise.

5. **Access to Resources**: Access to libraries, archives, and other resources within the United States is sometimes included as part of the fellowship package.

6. **Networking Opportunities**: The opportunity to meet peers from around the world through networking events, seminars, and conferences organized by the Guggenheim Foundation can also be beneficial.

7. **Supportive Environment**: The overall environment at the Guggenheim Foundation is supportive, fostering an atmosphere where creativity, innovation, and excellence thrive.

8. **Long-term Impact**: The fellowship not only supports immediate needs but also aims to have"
28,How late are the dining options at Lagoon Park open to the public?,"I'm sorry, but I don't have specific information about the opening hours of Lagoon Park's dining options. The operating hours can vary depending on the park's policies and the time of year. To get accurate and up-to-date information, you should check the official website or contact customer service directly for the most current details regarding their dining options' availability and closing times. If you're planning a visit, it would be best to confirm these details in advance to ensure you know when to expect your meals.","I'm sorry, but I don't have specific information about the opening hours of Lagoon Park's dining options. The operating hours can vary depending on the park's policies and the time of year. To get accurate information, you should check the official website or contact customer service directly for the most up-to-date details regarding their dining options' availability and closing times. If you're planning a visit, it would be best to confirm these details in advance to ensure you know when to expect your meals."
29,"Write a python program that, given an array of strings, returns a string made by each first character of any element of the array.","Here's a Python program that takes an array of strings as input and concatenates their first characters into a single string:

```python
def concatenate_first_chars(arr):
    result = """"
    
    for item in arr:
        if item:  # Check if the item is not empty
            result += item[0]  # Add the first character to the result
    
    return result

# Example usage:
array_of_strings = [""apple"", ""banana"", ""cherry""]
result_string = concatenate_first_chars(array_of_strings)
print(result_string)  # Output: ""abc""
```

In this code:

1. We define a function `concatenate_first_chars` that takes an array (`arr`) as its argument.

2. Inside the function, we initialize an empty string called `result`.

3. We iterate over each item in the array using a `for` loop.

4. For each item, we check if it is not empty (i.e., not None). If it is not empty, we add its first character (`item[0]`) to our `result` string.

5. After iterating through all items in the array, we return the resulting concatenated string.

6. In the example usage section at the end, we create an array","Here's a Python program that takes an array of strings as input and concatenates their first characters into a single string:

```python
def concatenate_first_chars(arr):
    result = """"
    
    for item in arr:
        if item:  # Check if the item is not empty
            result += item[0]  # Add the first character to the result
    
    return result

# Example usage:
array_of_strings = [""apple"", ""banana"", ""cherry""]
result_string = concatenate_first_chars(array_of_strings)
print(result_string)  # Output: ""abc""
```

In this code:

1. We define a function `concatenate_first_chars` that takes an array (`arr`) as its parameter.

2. Inside the function, we initialize an empty string called `result`.

3. We iterate over each item in the array using a `for` loop.

4. For each item, we check if it is not empty (using the condition `if item:`). If it's not empty, we add its first character (`item[0]`) to our `result` string.

5. After iterating through all items, we return the concatenated string from the `result` variable.

6. In the example usage section at the end,"
